Product Name,Price,Description,Image URL,Availability,Category,store name
Kozy Shack,$3.99 ,No Description Available,https://media.sobeys.com/original/754000000025700000000007191316_VOILA_bdbe99d52c67c7122f1b850a463185a0b01659b9.JPG,In-stock,Snacks & Candy,FreshCo
Cheetos,$4.79 ,No Description Available,https://media.sobeys.com/original/869148_EA_ml_primary_front_na_VOILA_f095dca17542bf5a4b7942b3b382e14a3f4da57f.JPG,In-stock,Snacks & Candy,FreshCo
Kellogg's,$1.99 ,No Description Available,https://media.sobeys.com/original/652159_EA_en_primary_front_071723_VOILA_09ae9d5d800c440dd5a17192df4f837b6275d5ba.JPG,In-stock,Snacks & Candy,FreshCo
Larabar,$24.99 ,"Laras Favourite. Cashew delivers a wallop of rich and creamy flavour. This 3-ingredient treat is a simple blend of cashews, dates and apples. LÄRABAR believe that a sound mind, body and spirit are derived from what you eat  and that food is most satisfying in its simplest form. A magical harmony of fruits and nuts, LÄRABAR contains only the best ingredients. Simple and delicious. Enjoy!",https://media.sobeys.com/original/233385_CAR_ml_primary_front_013123_VS_VOILA_2f5df93d551726781ad919682f3ba7671cafec74.JPG,In-stock,Snacks & Candy,FreshCo
Gogo Squeez,$3.99 ,No Description Available,https://media.sobeys.com/original/260012_EA_en_primary_Front_NA_032124_VOILA_72311061bd5740526adb78d37cc6240ec0c96cfe.JPG,In-stock,Snacks & Candy,FreshCo
Black Small Plums,$8.80 ,No Description Available,https://www.freshco.com/_next/image?url=%2Floader.svg&w=128&q=75,In-stock,Fruits & Vegetables,FreshCo
Golden Pineapple 1 Count,$3.99 ,No Description Available,https://media.sobeys.com/original/5050372116002_VOILA_b864fb6f845b3f3714e75c864cb6e73abd47c38e.JPG,In-stock,Fruits & Vegetables,FreshCo
Orange 5 lb Juice 2.27 KG,$4.99 ,No Description Available,https://www.freshco.com/_next/image?url=%2Floader.svg&w=128&q=75,In-stock,Fruits & Vegetables,FreshCo
Fresh Dates Yellow 5 kg,$11.00 ,No Description Available,https://media.sobeys.com/original/335234_KG_ml_primary_na_na_042925_GPHP_VOILA_221e61fcacb8959ade75109e6ec2f2f9989ec25c.JPG,In-stock,Fruits & Vegetables,FreshCo
Indian Eggplant,$3.95 ,No Description Available,https://www.freshco.com/_next/image?url=%2Floader.svg&w=128&q=75,In-stock,Fruits & Vegetables,FreshCo
Hata,$2.49 ,No Description Available,https://media.sobeys.com/original/324_EA_ml_primary_front_NA_041724_VOILA_05b056f8565989dc53338386907d5f82451a0c87.JPG,In-stock,Dairy & Eggs,FreshCo
Oikos,$7.49 ,"Gone are the scary days when choosing the right snack meant suffering from blank page syndrome! Put your creativity to work and beat your cravings with Oikos High Protein Plain Greek yogurt. Enjoy the same great taste you know and love, now with even more protein and a thick texture! Made with 100% Canadian milk, the new Oikos High Protein Plain Greek yogurt boasts 19 grams of protein per 175 gram serving. Try it today!",https://media.sobeys.com/original/598017_EA_en_primary_front_na_081325_VOILA_d13e0121e17a1db5b725a9e381c1f21effcbcb69.JPG,In-stock,Dairy & Eggs,FreshCo
YOP,$1.39 ,"Yoplait. Delicious, Fun Family Yogurt. Yoplait Yop 1% Drinkable Yogurt features a deliciously smooth texture and a portable format perfect for breakfast on-the-go. Yoplait Yop 1% M.F. Drinkable Yogurt is the on-the-go yogurt you need to keep you going all day. Yoplait Yop 1% M.F. Drinkable Yogurt contains no gelatin, artificial flavours, or added colours. This portable yogurt drink is convenient to add to a lunchbox or gym bag and a good source of calcium & vitamin D. The fresh milk used in Yoplait products is sourced from Canadian dairy farmers and is free of added growth hormones and antibiotics. Contains one 200 mL drinkable yogurt in total.",https://media.sobeys.com/original/983471_EA_ml_primary_front_na_020325_VOILA_0849555b6319c16e36a3b9095cfc2111220068ef.JPG,In-stock,Dairy & Eggs,FreshCo
YOP,$1.39 ,"Yoplait. Delicious, Fun Family Yogurt. Yoplait Yop 1% Drinkable Yogurt features a deliciously smooth texture and a portable format perfect for breakfast on-the-go. Yoplait Yop 1% M.F. Drinkable Yogurt is the on-the-go yogurt you need to keep you going all day. Yoplait Yop 1% M.F. Drinkable Yogurt contains no gelatin, artificial flavours, or added colours. This portable yogurt drink is convenient to add to a lunchbox or gym bag and a good source of calcium & vitamin D. The fresh milk used in Yoplait products is sourced from Canadian dairy farmers and is free of added growth hormones and antibiotics. Contains one 200 mL drinkable yogurt in total.",https://media.sobeys.com/original/983465_EA_ml_primary_front_na_020325_VOILA_38163f9eeac77e082baa76c8ef0cb7ac34dee3ef.JPG,In-stock,Dairy & Eggs,FreshCo
Lactantia,$5.79 ,"Get more of what you want with Lactantia UltraPur Ultrafiltered Milk. This whole milk contains 50% more protein and 25% less lactose (sugar) than regular milk. Sourced from Canadian dairies, every drop of this high-protein 3.25% milk is carefully filtered to provide a smooth, pure taste that stays fresh longer without preservatives. Source of 10 essential nutrients and no added sugar, this homogenized milk is a nutritious and delicious choice for the whole family. A delightful, refreshing choice on its own, with cereal, or in blended coffee drinks. Rediscover the power of farm-fresh flavour with ultrafiltered milk. Lactantia, for Milk Connoisseurs!",https://media.sobeys.com/original/975850_EA_en_primary_front_na_042225_VOILA_0dbb585fc1c99e55febf53d0daaefc0799d2ccd5.JPG,In-stock,Dairy & Eggs,FreshCo
Mint 1 Bunch,$0.99 ,No Description Available,https://media.sobeys.com/original/8505_EA_ml_primary_Front_NA_VOILA_ac98ac17e59529883a12fa90f0ed2d421698f71a.JPG,In-stock,Bakery,FreshCo
Cilantro Coriander 1 Bunch,$0.99 ,No Description Available,https://media.sobeys.com/original/8434_EA_ml_primary_front_VOILA_a522e89fa6478355ecd50bb87a81cfe6cfce8784.JPG,In-stock,Bakery,FreshCo
Methi 1 Bunch,$2.49 ,No Description Available,https://media.sobeys.com/original/176548_VOILA_66c724c3059a370f53ce6b0aa0127519a823926e.JPG,In-stock,Bakery,FreshCo
International Delight,$4.99 ,"Pumpkin, spice, and everything nice: this autumnal creamer brings the coziness of fall straight to your cup! Theres a reason why coffee lovers wait all year to get their pumpkin spice fix, and its warm, cinnamony flavour has become just as iconic as the leaves crunching beneath your feet. A splash of this sugar-free pumpkin spice creamer is the perfect way to reinvent your daily dose of coffee, with a rich, smooth, velvety profile thats the perfect amount of fragrant and sweet. Get into the fall mood and warm yourself up from the inside out with this special sugar-free treat!",https://media.sobeys.com/original/987040_EA_ml_primary_front_na_090523_VOILA_60cef37e133173681f6b40e8c75d6530fd1648c6.JPG,In-stock,Bakery,FreshCo
Carl Buddig,$1.99 ,No Description Available,https://media.sobeys.com/original/348699_EA_ml_Primary_Front_NA_VOILA_41f6b4a31878d8dd738f03e46a4c5b24bd6b7c37.JPG,In-stock,Bakery,FreshCo
Arctic Glacier,$3.99 ,"It may seem as easy as just freezing water but in fact ice exists at different purity levels. Arctic Glaciers filtration process takes regular city water and transforms it into bottled water quality purified water. The water is initially filtered through carbon filters and is then processed through water softeners. As water is the only ingredient to make ice, the quality should be monitored just like any other food product. At Arctic Glacier, this process is conducted on a weekly basis instead of monthly or even annually as usually.",https://media.sobeys.com/original/034659000050_VOILA_47ce5f6eadf636d868899c1900d1482c44c077de.JPG,In-stock,Frozen,FreshCo
Arctic Glacier Premium Ice,$3.99 ,No Description Available,https://media.sobeys.com/original/962796_EA_ml_primary_front_na_VOILA_7df0631d35e4d44b0a9a8098ab395619d7e40d9e.JPG,In-stock,Frozen,FreshCo
Del Monte,$5.44 ,No Description Available,https://media.sobeys.com/original/655205_EA_en_primary_front_na_032625_VOILA_9f6e508aa1d3e9c952ec9574d39bac8322212c86.JPG,In-stock,Frozen,FreshCo
Nestlé,$5.44 ,"The creamy, crunchy, classic Simply Dipped Chocolate Drumstick now comes in a mini-sized treat. Nestlé Drumstick Minis Simply Dipped Chocolate 6-Pack doubles the chocolate flavour featuring a creamy-tasting frozen chocolatey dessert dipped in the rich, signature chocolatey dip. Made with dairy from Canadian cows. Raise your cone to Drumstick goodness!",https://www.freshco.com/_next/image?url=%2Floader.svg&w=128&q=75,In-stock,Frozen,FreshCo
Bagel Bites,$3.69 ,"Bagel Bites Cheese & Pepperoni Pizza Snacks offer a quick, delicious snack that kids love and parents can easily prepare. Hot Bites mini pizza bagels are topped with sweet and tangy tomato sauce, pepperoni and cheesy topping for a mouthwatering flavour that elevates snacktime.",https://media.sobeys.com/original/897653_EA_ml_primary_front_na_040825_VOILA_daee2930b95c088510c65a28d1ff6a2caca53702.JPG,In-stock,Frozen,FreshCo
New Zealand Spring Lamb,$12.99 ,"100% Grass fed and finished lamb from NEW ZEALAND SPRING LAMB. This lamb is raised in free roaming conditions (Free Range), without the use of antibiotics or added hormones. The lean ground lamb is a versatile meat choice to use in endless recipe options such as burgers, meatballs, and pasta sauces.",https://media.sobeys.com/original/100363_EA_ml_primary_front_na_VOILA_983b9eb19f3c237e00f0fb0bae7a15cd823da2ce.JPG,In-stock,Meat,FreshCo
Brandt,$4.99 ,"Extra Lean Kolbassa is made with lean pieces of ham, time-honoured spice blend and is naturally hardwood smoked. Gluten-free, soy-free, lactose-free, and made without artificial flavours and colours.",https://media.sobeys.com/original/227410_EA_ml_primary_front_VOILA_666c925301497b719d44db6c331b57b25b550d32.JPG,In-stock,Meat,FreshCo
Mastro,$11.49 ,No Description Available,https://media.sobeys.com/original/620018_EA_ml_primary_front_013123_VS_VOILA_caf88fc2a2d66afd880e468852db181a9babdec7.JPG,In-stock,Meat,FreshCo
Compliments,$7.00 ,No Description Available,https://media.sobeys.com/original/849411_EA_ml_primary_front_112123_VOILA_d617e8e5aa6721d74fe7ba5d9e75da033ec4b237.JPG,In-stock,Meat,FreshCo
Maple Leaf,$7.99 ,"Create a tasty sandwich or wrap with Maple Leaf Natural Selections Baked Ham. This delicious ham sandwich meat starts with quality cuts of ham and is made with natural ingredients for delicious flavour. The convenient resealable package ensures the sliced deli meat stays fresh and ready to enjoy. Made for families, the Maple Leaf brand offers premium meat using only natural ingredients with no artificial preservatives, flavours, colours, or sweeteners. Dedicated to providing wholesome, real food for Canadians for generations to come, Maple Leaf is the first major food company in the world to become carbon neutral. Join them in their commitment to build a more sustainable planet.",https://media.sobeys.com/original/245911_EA_ml_primary_front_na_052924_VOILA_e7d9ce02d1c2e10ff14638d256eb9498d742351f.JPG,In-stock,Meat,FreshCo
Neilson Chocolate Milk 750 ml,$2.39 ,No Description Available,https://digital.loblaws.ca/PCX/20766719_EA/en/1/20766719_en_front_1200.png,In-stock,Dairy & Eggs,FreshCo
No Name Everything Bagels 510 g,$5.99 ,No Description Available,https://digital.loblaws.ca/PCX/21297831_EA/en/1/21297831_en_front_1200.png,In-stock,Dairy & Eggs,FreshCo
Neilson 1% Microfiltered Milk 4 l,$38.00 ,No Description Available,https://digital.loblaws.ca/PCX/20136554_EA/en/1/20136554_en_front_v1_1200.png,In-stock,Dairy & Eggs,FreshCo
President's Choice Butter Infused Young Turkey - Frozen - 5-7 kg 5 kg,$11.12 ,No Description Available,https://digital.loblaws.ca/PCX/21284940_EA/en/1/21284940_en_front_1200.png,In-stock,Dairy & Eggs,FreshCo
null Chicken Leg  $9.90/1kg $4.49/1lb,$3.29 ,No Description Available,https://digital.loblaws.ca/PCX/21302371_KG/en/1/21302371_enfr_front_v1_1200.png,In-stock,Meat,FreshCo
McCain Diced Hashbrowns 800 g,$2.00 ,No Description Available,https://digital.loblaws.ca/PCX/21525020_EA/en/1/21525020_enfr_front_v1_1200.png,In-stock,Forzen Foods,FreshCo
null Wild Yellowfin Tuna Fillet,$10.49 ,No Description Available,https://digital.loblaws.ca/PCX/21694839_EA/en/1/21694839_en_front_1200.png,In-stock,Meat,FreshCo
Conestoga Eggs Brown Eggs Free Run Omega-3 Size: Large 18 ea,$5.99 ,No Description Available,https://digital.loblaws.ca/PCX/21542380001_EA/en/1/6476734395_enfr_front_centre_marketing_GS1_Ecommerce_1200.png,In-stock,Dairy & Eggs,FreshCo
Molinaro's Pizza Starter Kit,$3.00 ,No Description Available,https://digital.loblaws.ca/PCX/20340727_EA/en/1/20340727_en_front_1200.png,In-stock,Forzen Foods,FreshCo
Maynards Fuzzy Peach Candy,$4.50 ,No Description Available,https://digital.loblaws.ca/PCX/21545820_EA/en/1/21545820_en_front_1200.png,In-stock,Snacks & Candy,FreshCo
Cheetos Crunchy Flamin' Hot Cheese Flavoured Snacks 285 g,$1.50 ,No Description Available,https://digital.loblaws.ca/PCX/21370217_EA/en/1/21370217_en_front_1200.png,In-stock,Snacks & Candy,No Frills
Oasis Hydrafruit Peach Beverage 960 ml,$2.75 ,No Description Available,https://digital.loblaws.ca/PCX/21518462_EA/en/1/21518462_en_front_v1_1200.png,In-stock,Snacks & Candy,No Frills
McCain Smiles? - Smiley Face Fries 650 g,$17.39 ,No Description Available,https://digital.loblaws.ca/PCX/20797308_EA/en/1/20797308_en_front_1200.png,In-stock,Snacks & Candy,No Frills
null Pork Combo Chops $12.10/1kg $5.49/1lb,$5.29 ,No Description Available,https://digital.loblaws.ca/PCX/20683470_KG/en/1/20683470_en_front_1200.png,In-stock,Dairy & Eggs,No Frills
No Name 2% M.F. Cottage Cheese  750 g,$6.50 ,No Description Available,https://digital.loblaws.ca/PCX/20823988_EA/en/1/6038313018_en_front_centre_marketing_1_GS1_Ecommerce_1200.png,In-stock,Dairy & Eggs,No Frills
President's Choice Hummus Chickpea Dip And Spread 454 g,$3.00 ,No Description Available,https://digital.loblaws.ca/PCX/20584098_EA/en/1/20584098_en_front_1200.png,In-stock,Dairy & Eggs,No Frills
Maynards Sour Patch Kids,$2.99 ,No Description Available,https://digital.loblaws.ca/PCX/21545802_EA/en/1/21545802_en_front_v1_1200.png,In-stock,Snacks & Candy,No Frills
Yoplait Tubes Yogurt 1% M.F. Strawberry Banana & Fruit Punch 448 g,$2.75 ,No Description Available,https://digital.loblaws.ca/PCX/21547629_EA/en/1/21547629_enfr_front_1200.png,In-stock,Dairy & Eggs,No Frills
Green Giant Mixed Vegetables 750 g,$1.50 ,No Description Available,https://digital.loblaws.ca/PCX/21022268_EA/en/1/21022268_en_front_1200.png,In-stock,Fruits & Vegetables,No Frills
Fruite Berry Freeze Drink 2 l,$8.99 ,No Description Available,https://digital.loblaws.ca/PCX/21433564_EA/en/1/21433564_en_front_v3_1200.png,In-stock,Drinks,No Frills
Lactantia Cultured Unsalted Butter 4x113.5 g,$3.99 ,No Description Available,https://digital.loblaws.ca/PCX/20056675_EA/en/1/20056675_en_front_1200.png,In-stock,Dairy & Eggs,No Frills
Frenchs Classic Yellow Prepared Mustard 550 ml,$9.63 ,No Description Available,https://digital.loblaws.ca/PCX/20170862_EA/en/1/20170862_enfr_front_1200.png,In-stock,Snacks & Candy,No Frills
null Chicken Drumstick $8.80/1kg $3.99/1lb,$8.99 ,No Description Available,https://digital.loblaws.ca/PCX/20654051_KG/en/1/20654051_en_front_1200.png,In-stock,Meat,No Frills
Liberte Greek 0% Yogurt,$1.79 ,No Description Available,https://digital.loblaws.ca/PCX/21305351_EA/en/1/21305351_en_front_1200.png,In-stock,Dairy & Eggs,No Frills
Unico Chick Peas,$1.99 ,No Description Available,https://digital.loblaws.ca/PCX/20682748_EA/en/1/6780000279_en_front_centre_marketing_GS1_Ecommerce_1200.png,In-stock,Snacks & Candy,No Frills
Dare Veggie Crisps Cracker Chips All Dressed 100 g,$4.50 ,No Description Available,https://digital.loblaws.ca/PCX/21520207_EA/en/1/5565364575_enfr_front_centre_marketing_GS1_Marketing_1200.png,In-stock,Snacks & Candy,No Frills
CAVENDISH FARMS All-Day Breakfast Onion Hash Brown Patties 600 g,$5.00 ,No Description Available,https://digital.loblaws.ca/PCX/20730092_EA/en/1/20730092_enfr_front_v1_1200.png,In-stock,Frozen Foods,No Frills
Naya Natural Spring Water 24x500.0 ml,$3.50 ,No Description Available,https://digital.loblaws.ca/PCX/21631362_C24/en/1/21631362_en_front_1200.png,In-stock,Drinks,No Frills
Ziggy's Smoked Chicken Breast Slices 175 g,$5.49 ,No Description Available,https://digital.loblaws.ca/PCX/21590180_EA/en/1/21590180_enfr_front_v1_1200.png,In-stock,Meat,No Frills
Lantic Brilliant Yellow Sugar 2 kg,$21.02 ,No Description Available,https://digital.loblaws.ca/PCX/20077565_EA/en/1/20077565_en_front_1200.png,In-stock,Bakery,No Frills
Butcher's Choice Extra Lean Ground Beef,$11.50 ,No Description Available,https://digital.loblaws.ca/PCX/20357910_KG/en/1/20357910_en_front_1200.png,In-stock,Meat,No Frills
Kraft Smooth Peanut Butter 2 kg,$1.00 ,No Description Available,https://digital.loblaws.ca/PCX/20064825001_EA/en/1/20064825001_en_front_v2_1200.png,In-stock,Dairy & Eggs,No Frills
Sparkling Ice Kiwi Strawberry Sparkling Water 503 ml,$4.00 ,No Description Available,https://digital.loblaws.ca/PCX/20885450003_EA/en/1/20885450003_en_front_1200.png,In-stock,Drinks,No Frills
Christie CHIPS AHOY! Stranger Things Chewy Chocolatey Strawberry-Flavoured Filled Soft Cookies,$4.50 ,No Description Available,https://digital.loblaws.ca/PCX/21670732_EA/en/1/21670732_en_front_1200.png,In-stock,Snacks & Candy,No Frills
Imperial Non-Hydrogenated Margarine 427 g,$10.00 ,No Description Available,https://digital.loblaws.ca/PCX/20152424_EA/en/1/20152424_en_front_1200.png,In-stock,Dairy & Eggs,No Frills
AQUAFINA Demineralized Treated Water 24x500.0 ml,$6.50 ,No Description Available,https://digital.loblaws.ca/PCX/20060827_C24/en/1/20060827_en_front_v1_1200.png,In-stock,Drinks,No Frills
President's Choice Roasted Garlic Hummus 454 g,$4.79 ,No Description Available,https://digital.loblaws.ca/PCX/20584213_EA/en/1/6038303583_enfr_front_centre_marketing_GS1_Ecommerce_1200.png,In-stock,Deli & fresh meals,No Frills
Pillsbury Sugar Cookies Ghost 260 g,$7.50 ,No Description Available,https://digital.loblaws.ca/PCX/21302025_EA/en/1/21302025_en_front_1200.png,In-stock,Snacks & Candy,No Frills
Yoplait Source 0% Smooth Traditional Yogurt Cups Variety Pack,$1.00 ,No Description Available,https://digital.loblaws.ca/PCX/20317317002_EA/en/1/20317317002_en_front_1200.png,In-stock,Dairy & Eggs,No Frills
Sparkling Ice Peach Nectarine Sparkling Water 503 ml,$7.00 ,No Description Available,https://digital.loblaws.ca/PCX/21435670_EA/en/1/1657195771_en_front_centre_marketing_A_1_GS1_Ecommerce_v1_1200.png,In-stock,Drinks,No Frills
President's Choice Vanilla Greek Yogurt 0% Club Size  1 kg,$8.00 ,No Description Available,https://digital.loblaws.ca/PCX/21518403_EA/en/1/21518403_en_front_1200.png,In-stock,Dairy & Eggs,No Frills
Maple Leaf Extra Lean Ground Turkey 454 g,$3.99 ,No Description Available,https://digital.loblaws.ca/PCX/20811960_EA/en/1/20811960_enfr_front_v1_1200.png,In-stock,Meat,No Frills
Oikos Extra Creamy Greek Yogurt,$5.00 ,No Description Available,https://digital.loblaws.ca/PCX/21348922_EA/en/1/21348922_en_front_v1_1200.png,In-stock,Dairy & Eggs,No Frills
Dr Oetker Giuseppe Pizzeria Thin Crust Pepperoni Pizza 480 g,$5.99 ,No Description Available,https://digital.loblaws.ca/PCX/20904584_EA/en/1/20904584_en_front_1200.png,In-stock,Frozen foods,No Frills
Molinaro's Pizza Starter Kit,$1.49 ,No Description Available,https://digital.loblaws.ca/PCX/20344165_EA/en/1/20344165_en_front_1200.png,In-stock,Frozen foods,No Frills
Cedar Whole Wheat Lebanese-Style Pita Bread 330 g,$7.49 ,No Description Available,https://digital.loblaws.ca/PCX/21509333_EA/en/1/80536300003_enfr_front_centre_marketing_GS1_Ecommerce_1200.png,In-stock,Bakery,No Frills
President's Choice Extra Large Free Run Brown Eggs 12 ea,$3.99 ,No Description Available,https://digital.loblaws.ca/PCX/20813937001_EA/en/1/20813937001_en_front_1200.png,In-stock,Dairy & Eggs,No Frills
GoodLeaf Cool Crisp Lettuce Baby Greens 0.113 kg,$3.99,No Description Available,https://digital.loblaws.ca/PCX/21560734_EA/en/1/21560734_en_front_1200.png,In-stock,Fresh Vegetables,No Frills
"Tim Hortons 100% Arabica Original Blend, Medium Roast, Ground Coffee, 875g","$2,799 ",No Description Available,https://m.media-amazon.com/images/I/713HpmPC9dL._AC_UL320_.jpg,In-stock,Dairy & Eggs,No Frills
"Lavazza Crema E Aroma Whole Bean Coffee Blend, Medium Roast, 1 kg Bag , Balanced medium roast with an intense, earthy flavor and long lasting crema, Non-GMO","$2,899 ",No Description Available,https://m.media-amazon.com/images/I/71ag2wdqedL._AC_UL320_.jpg,In-stock,Dairy & Eggs,No Frills
"Tim Hortons Decaf Coffee, Fine Grind Bag, Medium Roast, 300g","$1,177 ",No Description Available,https://m.media-amazon.com/images/I/71x0C+MbstL._AC_UL320_.jpg,In-stock,Dairy & Eggs,Sobeys
"Lavazza Crema E Gusto Whole Bean Coffee Dark Roast 1 kg Bag, Crema E Gusto ,Authentic Italian, Blended and roasted in Italy, Full-bodied dark roast with creamy and full-bodied, with spices notesbl, 1 kg (Pack of 1) packaging may vary","$3,196 ",No Description Available,https://m.media-amazon.com/images/I/51feQO+MQOL._AC_UL320_.jpg,In-stock,Dairy & Eggs,Sobeys
"Maxwell House Medium Original Roast Ground Coffee, 864 gr Tin","$1,797 ",No Description Available,https://m.media-amazon.com/images/I/71uG6Iux+PL._AC_UL320_.jpg,In-stock,Dairy & Eggs,Sobeys
Kicking Horse Coffee - Three Sisters Blend ;Ground 100% Arabica Coffee ; Medium Roast ; All Organic & Fairtrade ; 284 g,$997 ,No Description Available,https://m.media-amazon.com/images/I/610JoOTAYxL._AC_UL320_.jpg,In-stock,Dairy & Eggs,Sobeys
"McCafé Premium Medium Dark Roast, Ground Coffee, 875g","$2,997 ",No Description Available,https://m.media-amazon.com/images/I/713WuEnFebL._AC_UL320_.jpg,In-stock,Dairy & Eggs,Sobeys
"Maxwell House Breakfast Blend Ground Coffee, 900 gr Tin","$1,797 ",No Description Available,https://m.media-amazon.com/images/I/71WXdXVj6GL._AC_UL320_.jpg,In-stock,Dairy & Eggs,Sobeys
"STARBUCKS Maple Pecan Ground Coffee Bag, 311 g",$949 ,No Description Available,https://m.media-amazon.com/images/I/713lk5LcLQL._AC_UL320_.jpg,In-stock,Dairy & Eggs,Sobeys
"Starbucks Pike Place Roast Ground Coffee, Medium Roast, 793 Grams","$1,985 ",No Description Available,https://m.media-amazon.com/images/I/71qxYDOkp5L._AC_UL320_.jpg,In-stock,Dairy & Eggs,Sobeys
McCafe Premium Medium Dark Roast K-Cup Coffee Pods,$35.99,No Description Available,https://m.media-amazon.com/images/I/81rqC5ImDnL._AC_UL320_.jpg,In-stock,Dairy & Eggs,Sobeys
"Tim Hortons 100% Arabica Original Blend, Medium Roast, Ground Coffee, 875g","$2,799 ",No Description Available,https://m.media-amazon.com/images/I/713HpmPC9dL._AC_UL320_.jpg,In-stock,Dairy & Eggs,Sobeys
"Nabob Traditional Fine Grind Ground Coffee, 930g","$2,499 ",No Description Available,https://m.media-amazon.com/images/I/81QQcKfJ5BL._AC_UL320_.jpg,In-stock,Dairy & Eggs,Sobeys
"Krispy Kreme Doughnuts Smooth House Roast Single Serve Keurig Certified K-Cup pods for Keurig brewers, 30 Count (Pack of 1)","$1,556 ",No Description Available,https://m.media-amazon.com/images/I/71waYRftDjL._AC_UL320_.jpg,In-stock,Dairy & Eggs,Sobeys
"Kicking Horse Coffee, Whole Bean, 1 lb - Certified Organic, Fairtrade, Kosher Coffee, Grizzly Claw - Dark Roast, 454 g (Pack of 1)","$2,000 ",No Description Available,https://m.media-amazon.com/images/I/61Mh7ytsPlL._AC_UL320_.jpg,In-stock,Dairy & Eggs,Sobeys
"Maxwell House Original Roast Instant Coffee, 150 g Jar",$497 ,No Description Available,https://m.media-amazon.com/images/I/71UOKAZwj3L._AC_UL320_.jpg,In-stock,Dairy & Eggs,Sobeys
"Lavazza Crema E Aroma Whole Bean Coffee Blend, Medium Roast, 1 kg Bag , Balanced medium roast with an intense, earthy flavor and long lasting crema, Non-GMO","$2,899 ",No Description Available,https://m.media-amazon.com/images/I/71ag2wdqedL._AC_UL320_.jpg,In-stock,Dairy & Eggs,Sobeys
"Tim Hortons Original Coffee, Fine Grind Bag, Medium Roast, 300g","$1,099 ",No Description Available,https://m.media-amazon.com/images/I/71kiPD1aKPL._AC_UL320_.jpg,In-stock,Dairy & Eggs,Sobeys
"Maxwell House Rich Dark Roast Ground Coffee, 900 g Canister","$1,797 ",No Description Available,https://m.media-amazon.com/images/I/71NtPbOx-eL._AC_UL320_.jpg,In-stock,Dairy & Eggs,Sobeys
"NESCAFÉ Taster's Choice Classic Instant Coffee, 100g",$797 ,No Description Available,https://m.media-amazon.com/images/I/71ZJ6QsEaUL._AC_UL320_.jpg,In-stock,Dairy & Eggs,Sobeys
"Oro Whole Bean Coffee Blend, Medium Roast, 1kg Bag (1 Pack)","$3,399 ",No Description Available,https://m.media-amazon.com/images/I/71Wj2Hs6FyL._AC_UL320_.jpg,In-stock,Dairy & Eggs,Sobeys
"Blume Superfood Latte - Reishi Hot Cacao Powder, Mushroom Powder, Soothing Superfoods, Latte with Brain support, Organic Cocoa Mushroom Coffee Enhancer - Organic, Vegan And Keto Friendly - 25 Servings - Canadian Brand - As Seen on Dragons' Den","$2,499 ",No Description Available,https://m.media-amazon.com/images/I/716I+XfP3tL._AC_UL320_.jpg,In-stock,Dairy & Eggs,Sobeys
"Blume Latte Variety Pack | Blue Lavender Tea to Calm, Reishi Hot Cacao to Soothe, Matcha Green Tea for Energy, Salted Caramel to Savor - Made in Canada, Organic, Vegan, Keto-Friendly, Hot/Cold Beverages - 32 Servings","$4,999 ",No Description Available,https://m.media-amazon.com/images/I/61Z2qxpC9OL._AC_UL320_.jpg,In-stock,Dairy & Eggs,Sobeys
"Lavazza Organic Tierra Whole Bean Coffee Blend - Light Roast, Premium Arabica Beans - 1KG Bag","$3,499 ",No Description Available,https://m.media-amazon.com/images/I/71YehK1prwL._AC_UL320_.jpg,In-stock,Dairy & Eggs,Sobeys
"Nescafé Rich, Instant Coffee, 475g Tin, Brown (Package May Vary)","$1,597 ",No Description Available,https://m.media-amazon.com/images/I/71Abx-0sXxL._AC_UL320_.jpg,In-stock,Dairy & Eggs,Sobeys
STARBUCKS French Roast Dark Roast Ground Coffee 340g Bag,$999 ,No Description Available,https://m.media-amazon.com/images/I/71UWqZwPlgL._AC_UL320_.jpg,In-stock,Dairy & Eggs,Sobeys
"Lavazza Crema E Gusto Ground Coffee Blend, Espresso Dark Roast, 250 g Brick - Authentic Italian, Blended And Roasted in Italy, Non GMO, Full bodied with rich aftertaste",$799 ,No Description Available,https://m.media-amazon.com/images/I/71BUS5EXKfL._AC_UL320_.jpg,In-stock,Dairy & Eggs,Sobeys
"Maxwell House House Blend Coffee Certified Compostable K-Cup Coffee Pods, 60 Pods","$2,679 ",No Description Available,https://m.media-amazon.com/images/I/71Vf6kr1Y9L._AC_UL320_.jpg,In-stock,Dairy & Eggs,Sobeys
"Starbucks Caffe Verona Whole Bean Dark Roast Coffee, 907 gram","$2,154 ",No Description Available,https://m.media-amazon.com/images/I/71v1JFPObfL._AC_UL320_.jpg,In-stock,Dairy & Eggs,Sobeys
"Tim Hortons Original Coffee blend, Single Serve Keurig K-Cup Pods, Medium Roast, 48 Count","$3,999 ",No Description Available,https://m.media-amazon.com/images/I/81WZaCM5gdL._AC_UL320_.jpg,In-stock,Dairy & Eggs,Sobeys
"Nabob Dark Bold Roast Full City Dark Ground Coffee, 340g Canister","$1,347 ",No Description Available,https://m.media-amazon.com/images/I/81lS9ztowcL._AC_UL320_.jpg,In-stock,Dairy & Eggs,Sobeys
"Nabob 100% Colombian Coffee 100% Compostable Pods, 292g Box","$1,612 ",No Description Available,https://m.media-amazon.com/images/I/81L4PBkD-rL._AC_UL320_.jpg,In-stock,Dairy & Eggs,Sobeys
"Tim Hortons Colombian Coffee, Single Serve Keurig K-Cup Pods, Medium Roast, 48 Count","$3,597 ",No Description Available,https://m.media-amazon.com/images/I/81UG9FhoGpL._AC_UL320_.jpg,In-stock,Dairy & Eggs,Sobeys
Starbucks Medium Roast Premium Instant Coffee 90 g,$999 ,No Description Available,https://m.media-amazon.com/images/I/81niLYvaRsL._AC_UL320_.jpg,In-stock,Dairy & Eggs,Sobeys
"Nabob Organic Gourmet Blend Ground Coffee, 915g","$2,499 ",No Description Available,https://m.media-amazon.com/images/I/717qiWW1CmL._AC_UL320_.jpg,In-stock,Dairy & Eggs,Sobeys
"Folgers Vanilla Biscotti Flavoured Light Roast Coffee Pods, Single Serve One Cup Pods made with Arabica Beans for Hot or Iced Drinks, 30 Count (Pack of 1)","$1,897 ",No Description Available,https://m.media-amazon.com/images/I/8171SiCLl2L._AC_UL320_.jpg,In-stock,Dairy & Eggs,Sobeys
"Kicking Horse Coffee - Grizzly Claw Blend, Ground 100% Arabica Coffee | Dark Roast | All Organic & Fairtrade | 708 g","$3,449 ",No Description Available,https://m.media-amazon.com/images/I/51Fw-Nw1RTL._AC_UL320_.jpg,In-stock,Dairy & Eggs,Sobeys
"Ethical Bean Lush Medium Dark Roast Coffee, 907g","$2,372 ",No Description Available,https://m.media-amazon.com/images/I/715tT8APO9L._AC_UL320_.jpg,In-stock,Dairy & Eggs,Sobeys
"Van Houtte Colombian Medium Roast K-Cup Coffee Pods, 48 Count For Keurig Coffee Makers","$2,804 ",No Description Available,https://m.media-amazon.com/images/I/91DLNfG0SZL._AC_UL320_.jpg,In-stock,Dairy & Eggs,Sobeys
"Timothy's Certified Breakfast Blend K-Cup Pods for Keurig Coffee Makers, Box of 48","$2,211 ",No Description Available,https://m.media-amazon.com/images/I/81DOl5eevZL._AC_UL320_.jpg,In-stock,Dairy & Eggs,Sobeys
"Nescafé Gold Espresso Instant Coffee, 200g","$1,349 ",No Description Available,https://m.media-amazon.com/images/I/71JoZ+au1wL._AC_UL320_.jpg,In-stock,Dairy & Eggs,Sobeys
"STARBUCKS Caffé Verona Dark Roast Ground Coffee Bag, 793 g","$1,350",No Description Available,https://m.media-amazon.com/images/I/71QWVPvqROL._AC_UL320_.jpg,In-stock,Dairy & Eggs,Sobeys
"STARBUCKS French Roast Dark Roast Keurig K-Cup Coffee Pods Carton, 528 g","$3,799 ",No Description Available,https://m.media-amazon.com/images/I/81TUovgX9ZL._AC_UL320_.jpg,In-stock,Dairy & Eggs,Walmart
"Starbucks Ground Coffee French Roast, 793 Grams","$1,985 ",No Description Available,https://m.media-amazon.com/images/I/71CYrFfK+RL._AC_UL320_.jpg,In-stock,Dairy & Eggs,Walmart
"Lavazza Organic Tierra Whole Bean Coffee Blend - Light Roast, Premium Arabica Beans - 1KG Bag","$3,499 ",No Description Available,https://m.media-amazon.com/images/I/71YehK1prwL._AC_UL320_.jpg,In-stock,Dairy & Eggs,Walmart
"Van Houtte Original House Blend K-Cup Coffee Pods, 48 Count For Keurig Coffee Makers","$2,804 ",No Description Available,https://m.media-amazon.com/images/I/812M1h7B6ZL._AC_UL320_.jpg,In-stock,Dairy & Eggs,Walmart
"Lavazza Qualita Rossa Ground Coffee Blend Bag, Espresso Medium Roast, 250g Brick - Perfect for Coffee, Lattes, Cappuccino, and More",$799 ,No Description Available,https://m.media-amazon.com/images/I/716aTsgjXRL._AC_UL320_.jpg,In-stock,Dairy & Eggs,Walmart
"Java Works Coffee Caramel Macchiato Flavoured Coffee *Ground*, 340 Grams (Packaging may vary)","$1,395 ",No Description Available,https://m.media-amazon.com/images/I/71cCvxAujzL._AC_UL320_.jpg,In-stock,Dairy & Eggs,Walmart
"Lavazza Espresso Gran Crema Beans, 1000gm(Packaging May Vary)","$3,399 ",No Description Available,https://m.media-amazon.com/images/I/71ibVLNDRtL._AC_UL320_.jpg,In-stock,Dairy & Eggs,Walmart
NESCAFÉ Sweet and Creamy Original Instant Coffee Mix,$594 ,No Description Available,https://m.media-amazon.com/images/I/71s27XrKQyL._AC_UL320_.jpg,In-stock,Dairy & Eggs,Walmart
"Timothy`s Breakfast Blend Single Serve Keurig K-Cup Pods for Keurig Brewers, 30 Count","$1,750 ",No Description Available,https://m.media-amazon.com/images/I/81nWIvsJNrL._AC_UL320_.jpg,In-stock,Dairy & Eggs,Walmart
"Donut House Collection Light Roast K-Cup Coffee Pods, 30 Count For Keurig Coffee Makers","$1,750 ",No Description Available,https://m.media-amazon.com/images/I/81qmwdkh1TL._AC_UL320_.jpg,In-stock,Dairy & Eggs,Walmart
"Tim Hortons Medium Roast Instant Coffee, 100% Colombian, 300g Jar","$2,098 ",No Description Available,https://m.media-amazon.com/images/I/81JDSeyNUgL._AC_UL320_.jpg,In-stock,Dairy & Eggs,Walmart
illy Ground Coffee Espresso - 100% Arabica Coffee Ground  Intenso Dark Roast  Warm Notes of Cocoa & Dried Fruit - Rich Aromatic Profile - Precise Roast - No Preservatives  250g,"$1,185 ",No Description Available,https://m.media-amazon.com/images/I/71UDoET0yVL._AC_UL320_.jpg,In-stock,Dairy & Eggs,Walmart
"Lavazza Crema E Gusto Whole Bean Coffee Dark Roast 1 kg Bag, Crema E Gusto ,Authentic Italian, Blended and roasted in Italy, Full-bodied dark roast with creamy and full-bodied, with spices notesbl, 1 kg (Pack of 1) packaging may vary","$3,196 ",No Description Available,https://m.media-amazon.com/images/I/51feQO+MQOL._AC_UL320_.jpg,In-stock,Dairy & Eggs,Walmart
"Kicking Horse Coffee - Three Sisters Blend,Whole Bean 100% Arabica Coffee | Medium Roast | All Organic & Fairtrade | 850 g","$3,595 ",No Description Available,https://m.media-amazon.com/images/I/51HlUUEX6EL._AC_UL320_.jpg,In-stock,Dairy & Eggs,Walmart
"Lavazza Qualita Rossa Ground Coffee Blend Bag, Espresso Medium Roast, 250g Brick - Perfect for Coffee, Lattes, Cappuccino, and More",$799 ,No Description Available,https://m.media-amazon.com/images/I/716aTsgjXRL._AC_UL320_.jpg,In-stock,Dairy & Eggs,Walmart
"COFFEE MATE Original Coffee Creamer, Coffee Creamer Powder, Case of 12 (311g each), 100% Lactose Free, Kosher, Easy to Store","$4,759 ",No Description Available,https://m.media-amazon.com/images/I/61Nf6NfcRfL._AC_UL320_.jpg,In-stock,Dairy & Eggs,Walmart
"Club Coffee Craft Roasters Club A - Light Roast Whole Bean Coffee, Rainforest Alliance Certified, 2 Pound Bag","$2,299 ",No Description Available,https://m.media-amazon.com/images/I/61qb38H5KoL._AC_UL320_.jpg,In-stock,Dairy & Eggs,Walmart
"Maud's Bold Dark Roast Coffee Pods Variety Pack, 40 ct, 8 Assorted Dark Roast Flavors in Recyclable Single Serve Pods  100% Arabica Coffee, Compatible with Keurig K Cups Maker","$4,376 ",No Description Available,https://m.media-amazon.com/images/I/81JRQQF3JoL._AC_UL320_.jpg,In-stock,Dairy & Eggs,Walmart
Royal Nuts Gluten-Free Mixed Nuts Cranberry 350 g,$6.99 ,No Description Available,https://media.sobeys.com/original/754000000025700000000038831471_VOILA_df05b1b8186857b578d07542efd742c5e25ea191.JPG,In-stock,Snacks & Candy,Walmart
Mars Halloween Chocolate Variety Pack 95 Count 1 kg,$15.75 ,No Description Available,https://media.sobeys.com/original/1326808_EA_ml_primary_front_na_031325_VOILA_ea609e17525c63f96d2a996db56cf40f88f8f2e7.JPG,In-stock,Snacks & Candy,Walmart
Twigz Craft Pretzels Smooth Cheddar Ranch 130 g,$15.99 ,No Description Available,https://media.sobeys.com/original/997801_EA_ml_primary_front_na_112522_VOILA_08996b0252c7ee1eee0b95973bd840d1efd03a18.JPG,In-stock,Snacks & Candy,Walmart
Quaker Crispy Minis Gluten-Free Brown Rice Chips All Dressed 100 g,$3.99 ,No Description Available,https://media.sobeys.com/original/880757_EA_ml_primary_front_na_VOILA_099da906fcfbf1ce2dccb61a4dc4e4a7906568e0.JPG,In-stock,Snacks & Candy,Walmart
Excel Sugar-Free Chewing Gum Bubblemint 3 x 18 Pieces,$3.29 ,"DescriptionImmerse yourself in the invigorating burst of flavour from EXCEL Bubblemint Sugar Free Chewing Gum. Each gum pellet provides a refreshing crisp outer shell.With the perfect balance of sweetness, EXCEL sugar free gum ensures a delightful chewing experience. Nothing should hold you back from being your most confident self. Whether you're looking for a breath freshener or simply satisfying a craving for something flavourful, EXCEL Bubblemint is your go-to gum. The compact and portable packaging allows you to carry this bubblemint gum on the go, ensuring a quick pick-me-up whether you're at work, in transit, or out and about. Boost your confidence with EXCEL gum Canada's number one gum brand.",https://media.sobeys.com/original/870213_EA_ml_primary_front_na_052325_VOILA_b2ecffa3b61763137f24aa5e11b75e34039a5dd9.JPG,In-stock,Snacks & Candy,Walmart
Juicy Fruit Fruit Chewing Gum 18 Pieces 3 Packs,$3.99 ,No Description Available,https://media.sobeys.com/original/870205_EA_ml_primary_front_na_051622_VOILA_f172f37701109bd5eb479c97eb5cb8c66fffb739.JPG,In-stock,Snacks & Candy,Walmart
Twigz Zesty Dill Pickle Pretzels 130 g,$3.99 ,No Description Available,https://media.sobeys.com/original/804324_EA_ml_primary_front_NA_91721_VOILA_eb26a1186ee08ae259fefd52efa0154653a6cbc0.JPG,In-stock,Snacks & Candy,Walmart
Christie Baked Crispers Ketchup Flavour 145 g,$3.99 ,No Description Available,https://media.sobeys.com/original/645158_EA_ml_primary_front_na_VOILA_8ba525e3dfa931b0148056aae748a4f08ccd8d3c.JPG,In-stock,Snacks & Candy,Walmart
GoGo Squeez Fruit Sauce Apple Mango 4 x 90 g,$2.99 ,No Description Available,https://media.sobeys.com/original/313478_EA_en_primary_front_NA_032124_VOILA_0fe87f2a665eb4ab03f916a104d17ac61f3f7d56.JPG,In-stock,Snacks & Candy,Walmart
Yoplait Yop 1% Drinkable Yogurt Vanilla 200 ml,$2.95,"DescriptionYoplait. Delicious, Fun Family Yogurt. Yoplait Yop 1% Drinkable Yogurt features a deliciously smooth texture and a portable format perfect for breakfast on-the-go. Yoplait Yop 1% M.F. Drinkable Yogurt is the on-the-go yogurt you need to keep you going all day. Yoplait Yop 1% M.F. Drinkable Yogurt contains no gelatin, artificial flavours, or added colours. This portable yogurt drink is convenient to add to a lunchbox or gym bag and a good source of calcium & vitamin D. The fresh milk used in Yoplait products is sourced from Canadian dairy farmers and is free of added growth hormones and antibiotics. Contains one 200 mL drinkable yogurt in total.",https://media.sobeys.com/original/983471_EA_ml_primary_front_na_020325_VOILA_0849555b6319c16e36a3b9095cfc2111220068ef.JPG,In-stock,Snacks & Candy,Walmart
Yoplait Yop 1% Drinkable Yogurt Strawberry Banana 200 ml,$14.79 ,"DescriptionYoplait. Delicious, Fun Family Yogurt. Yoplait Yop 1% Drinkable Yogurt features a deliciously smooth texture and a portable format perfect for breakfast on-the-go. Yoplait Yop 1% M.F. Drinkable Yogurt is the on-the-go yogurt you need to keep you going all day. Yoplait Yop 1% M.F. Drinkable Yogurt contains no gelatin, artificial flavours, or added colours. This portable yogurt drink is convenient to add to a lunchbox or gym bag and a good source of calcium & vitamin D. The fresh milk used in Yoplait products is sourced from Canadian dairy farmers and is free of added growth hormones and antibiotics. Contains one 200 mL drinkable yogurt in total.",https://media.sobeys.com/original/983465_EA_ml_primary_front_na_020325_VOILA_38163f9eeac77e082baa76c8ef0cb7ac34dee3ef.JPG,In-stock,Dairy & Eggs,Walmart
Lactantia UltraPur 3.25% Milk Ultra-Filtered 1.5 L (bottle),$2.19 ,"DescriptionGet more of what you want with Lactantia UltraPur Ultrafiltered Milk. This whole milk contains 50% more protein and 25% less lactose (sugar) than regular milk. Sourced from Canadian dairies, every drop of this high-protein 3.25% milk is carefully filtered to provide a smooth, pure taste that stays fresh longer without preservatives. Source of 10 essential nutrients and no added sugar, this homogenized milk is a nutritious and delicious choice for the whole family. A delightful, refreshing choice on its own, with cereal, or in blended coffee drinks. Rediscover the power of farm-fresh flavour with ultrafiltered milk. Lactantia, for Milk Connoisseurs!",https://media.sobeys.com/original/975850_EA_en_primary_front_na_042225_VOILA_0dbb585fc1c99e55febf53d0daaefc0799d2ccd5.JPG,In-stock,Dairy & Eggs,Walmart
Activia Probiotic Yogurt Cherry 4 x 100 g,$2.20,No Description Available,https://media.sobeys.com/original/1343244_EA_ml_primary_front_NA_062425_VOILA_5749132b6b32d32189f58796146a726af7e37192.JPG,In-stock,Dairy & Eggs,Walmart
Yoplait Yop 1% Drinkable Yogurt Limited Edition Birthday Cake 200 ml,$3.99 ,"DescriptionYoplait. Delicious, Fun Family Yogurt. Yoplait Yop 1% Drinkable Yogurt features a deliciously smooth texture and a portable format perfect for breakfast on-the-go. Yoplait Yop 1% M.F. MF Drinkable Yogurt is the on-the-go yogurt you need to keep you going all day. Yoplait Yop 1% M.F. MF Drinkable Yogurt contains no gelatin, artificial flavours, or added colours. This portable yogurt drink is convenient to add to a lunchbox or gym bag and a good source of calcium & vitamin D. The fresh milk used in Yoplait products is sourced from Canadian dairy farmers and is free of added growth hormones and antibiotics. Contains one 200 mL drinkable yogurt in total.",https://media.sobeys.com/original/983473_EA_ml_primary_front_na_020325_VOILA_e0e6f0b325435f50187022b56b698b8bde69c474.JPG,In-stock,Dairy & Eggs,Walmart
Liberte Greek Yogurt Blueberry Blackberry 650 g,$3.19,No Description Available,https://media.sobeys.com/original/1343363_EA_ML_primary_front_na_092625_VOILA_056b50f794205d28be1c97a01c153e5ebb326058.JPG,In-stock,Dairy & Eggs,Walmart
Liberte Lactose-Free Greek Yogurt Raspberry Pomegranate 750 g,$3.10,No Description Available,https://media.sobeys.com/original/1343362_EA_en_primary_front_NA_100325_VOILA_2d918cd4a3ef68e4552709f2dd624e0bd161a46e.JPG,In-stock,Dairy & Eggs,Walmart
Liberté Greek 2% Yogurt Black Cherry With Chocolate Pieces 650 g,$6.99 ,"DescriptionTaste. Made simple. Crafted the Liberté way. The Stracciatella Collection gives you the benefits of Greek yogurt with the exciting mix of chocolate shavings. Liberté Greek 2%. Yogurt is crafted using traditional Greek methods and strained based on the principles of old-time cheesecloth draining. The result is a Greek Yogurt with an incredibly rich and creamy texture. Requiring three times more milk than a regular yogurt, our Greek yogurt also contains twice the protein of any other traditional yogurt. Liberté Greek 2%. Yogurt is delicious on it's own, with fruit or cereal, or as a versatile ingredient. This Greek yogurt features 13 grams protein per serving. Liberté Greek 2%. Yogurt is high in protein and contains no gelatin and no artificial colours, flavours, or preservatives. Contains one 650 g container of yogurt.",https://www.sobeys.com/_next/image?url=%2Floader.svg&w=128&q=75,In-stock,Dairy & Eggs,Walmart
Natrel Lactose-Free 2% Milk 2 L,$6.99 ,"DescriptionThrough a unique process, we can preserve the deliciously pure taste of fresh milk in every glass of Natrel products, while removing the lactose that can cause you discomfort. So you can once again benefit from an excellent source of calcium, vitamin D and protein, plus a source of vitamin A. Thats everything you need to maintain a well-balanced diet.",https://media.sobeys.com/original/639733_EA_ml_primary_front_na_050125_VOILA_ed16ae8f7f1af7dfc1d1bb36cb395b36cba0dc6c.JPG,In-stock,Dairy & Eggs,Walmart
Dream Whip Whipped Topping Mix 170 g,$6.11,"DescriptionDream Whip Whipped Topping Mix is a quick and easy way to create a whipped topping. Add sweet flavor and creamy texture to all your favorite desserts. With no sodium, no trans fat and a total of 0 grams of total fat per serving, as packaged, this delicious dessert topping is a great alternative to traditional whipped cream. Place a dollop of whipped dessert topping on strawberry shortcake, pumpkin pie or chocolate pudding to take classic desserts to the next level. Dream whip can also be used as a decadent dip for strawberries or as a topping for your favorite fruit salad. Simply whip with milk and vanilla to quickly achieve a delicious topping. This 170g box includes four sealed envelopes of whipped topping mix, and each envelope makes 2 cups of dessert topping.",https://media.sobeys.com/original/27040_EA_ml_primary_front_na_033125_VOILA_3891b58b1db8fac8219cf7e0fbb6a1b613c38c15.JPG,In-stock,Dairy & Eggs,Walmart
Oven 360 Frozen Mr Harper Pizza 700 g,$5.79 ,No Description Available,https://www.sobeys.com/_next/image?url=%2Floader.svg&w=128&q=75,In-stock,Dairy & Eggs,Walmart
Organic Romaine Hearts 3 Count,$5.80,No Description Available,https://media.sobeys.com/original/414489_EA_ml_primary_front_na_nobrand_092222_VOILA_f1f0f83de8cb4929fa73de190bc3844e614244ac.JPG,In-stock,Frozen Foods,Walmart
White Onion 1 Count,$4.99 ,No Description Available,https://media.sobeys.com/original/4663_8042_VOILA_af054176884008426251ddde452b9e44934f7af1.JPG,In-stock,Frozen Foods,Walmart
Compliments Smoked Turkey Breast Roast,$4.16,No Description Available,https://media.sobeys.com/original/639940_KG_ml_alt_1_VOILA_62000c0a368e53638d2955ec27e26fb54f383fe0.JPG,In-stock,Frozen Foods,Metro
Mina Halal Frozen Beef Burgers Jalapeño 800 g,$4.89,"DescriptionEnjoy a delicious halal burger anytime with Mina Halal Jalapeño Beef Burgers. This beef is strictly Zabeeha by hand. These frozen raw beef patties are convenient to keep on hand at home for a quick meal addition. Enjoy these tasty burger patties on a bun with your favourite toppings. A proudly Canadian brand, Mina strictly adheres to the most stringent halal process and is verified by the Halal Monitoring Authority (HMA).",https://www.sobeys.com/_next/image?url=%2Floader.svg&w=128&q=75,In-stock,Frozen Foods,Metro
White Buns 12's Tray 400 g,$4.55,No Description Available,https://media.sobeys.com/original/945145_EA_ml_primary_front_VOILA_7d58e0b652fe91de3eae8a6eda01961f2daef2b5.JPG,In-stock,Frozen Foods,Metro
Compliments Frozen Beef Burgers Prime Rib 6 x 142 g,$4.29 ,No Description Available,https://media.sobeys.com/original/754000000025700000000071556878_VOILA_011ab90c2ea8364964063ca33fbcacd0394aba2c.JPG,In-stock,Frozen Foods,Metro
The content you are looking for is no longer available.,$14.99 ,No Description Available,https://www.sobeys.com/_next/image?url=%2Floader.svg&w=128&q=75,In-stock,Frozen Foods,Metro
Sterling Silver Cross Rib Roast Boneless,$14.99,No Description Available,https://media.sobeys.com/original/44309_KG_ml_primary_front_NA_VOILA_c7744052ece09bb5b81c93c88062c700d17215d0.JPG,In-stock,Frozen Foods,Metro
Snack Factory Pretzel Crisps Original 200 g,$6.99 ,"DescriptionIts like you wished for the perfect snack  and that wish came true! Perfectly salted Original Pretzel Crisps give you that satisfying, hearty crunch in a versatile shape thats dippable, spreadable and deliciously snackable.",https://media.sobeys.com/original/622396_EA_ml_primary_front_NA_042723_VOILA_28e06453eefd31c35b8a8fd8ff6b0d7c19b98bbc.JPG,In-stock,Snacks & Candy,Metro
Carrots,$1.58 ,No Description Available,https://i5.walmartimages.ca/images/Enlarge/632/713/6000203632713.jpg?odnHeight=640&odnWidth=640&odnBg=FFFFFF,In-stock,Fresh Vegetables,Metro
Celery,$2.97 ,No Description Available,https://i5.walmartimages.ca/images/Enlarge/169/703/6000209169703.jpg?odnHeight=640&odnWidth=640&odnBg=FFFFFF,In-stock,Fresh Vegetables,Metro
SUNSET Rainbow Bell Peppers,$3.44 ,No Description Available,https://i5.walmartimages.ca/images/Enlarge/331/133/6000209331133.jpg?odnHeight=640&odnWidth=640&odnBg=FFFFFF,In-stock,Fresh Vegetables,Metro
Broccoli,$2.44 ,No Description Available,https://i5.walmartimages.ca/images/Enlarge/367/449/6000209367449.jpg?odnHeight=640&odnWidth=640&odnBg=FFFFFF,In-stock,Fresh Vegetables,Metro
Tamato,$2.10 ,No Description Available,https://i5.walmartimages.ca/images/Enlarge/_47/999/47999.jpg?odnHeight=640&odnWidth=640&odnBg=FFFFFF,In-stock,Fresh Vegetables,Metro
Silk Oat Coffee Creamer,$3.28 ,No Description Available,https://i5.walmartimages.com/asr/488f1a85-2b7d-4bbb-931f-9fc2ab7e256e.7daffc296b317da52e78f8d8b6430128.png?odnHeight=640&odnWidth=640&odnBg=FFFFFF,In-stock,Dairy & Eggs,Metro
bettermoo(d) Moodrink Oat Beverage Barista,$5.97 ,No Description Available,https://i5.walmartimages.com/asr/5f1cc89b-eb7e-4171-890d-2d0d3aae92e8.a5a22f641f25e291d6135284f197b380.jpeg?odnHeight=640&odnWidth=640&odnBg=FFFFFF,In-stock,Dairy & Eggs,Metro
Great value Large Eggs,$3.93 ,No Description Available,https://i5.walmartimages.com/asr/bf0abe13-d833-4ceb-be74-8c2444c35a06.217e4c69ecde8c8bba4e8ab7de15a76b.jpeg?odnHeight=640&odnWidth=640&odnBg=FFFFFF,In-stock,Dairy & Eggs,Metro
Greek Yogurt,$5.78 ,No Description Available,https://i5.walmartimages.com/asr/e962acdd-f73d-4efd-be49-603e32b5a70f.b5de8eb9b0745d173efa71ab3b6fc328.jpeg?odnHeight=640&odnWidth=640&odnBg=FFFFFF,In-stock,Dairy & Eggs,Metro
Coconut Milk,$1.57 ,No Description Available,https://i5.walmartimages.com/asr/954254b9-3059-4817-a248-9e0eac7b4c8b.2969168de5314bf63c12c40898e4242b.jpeg?odnHeight=640&odnWidth=640&odnBg=FFFFFF,In-stock,Dairy & Eggs,Metro
Great Value Boneless Smoked Ham,$10.97 ,No Description Available,https://i5.walmartimages.ca/images/Enlarge/173/673/628915173673.jpg?odnHeight=640&odnWidth=640&odnBg=FFFFFF,In-stock,Meat,Metro
Maple Leaf Boneless Skinless Chicken Breasts,$9.94 ,No Description Available,https://i5.walmartimages.ca/images/Enlarge/889/160/6000201889160.jpg?odnHeight=640&odnWidth=640&odnBg=FFFFFF,In-stock,Meat,Metro
Great Value Original Wieners,$5.94 ,No Description Available,https://i5.walmartimages.ca/images/Enlarge/020/808/627735020808.jpg?odnHeight=640&odnWidth=640&odnBg=FFFFFF,In-stock,Meat,Metro
Schneiders Classic Hot Dogs,$7.27 ,No Description Available,https://i5.walmartimages.ca/images/Enlarge/110/379/6000198110379.jpg?odnHeight=640&odnWidth=640&odnBg=FFFFFF,In-stock,Meat,Metro
Great Value Real Bacon Crumble,$4.47 ,No Description Available,https://i5.walmartimages.com/asr/410aa7bc-5e7c-4ab2-a946-e3c55ce3e223.8a66c5db9013120f4086570365b27697.jpeg?odnHeight=640&odnWidth=640&odnBg=FFFFFF,In-stock,Meat,Metro
Great Value 1% Cottage Cheese,$6.28 ,No Description Available,https://i5.walmartimages.com/asr/90edd3a8-34f6-4665-a4ff-81c12147627d.e5a110d0444cfe1276b7425355e2e7b2.jpeg?odnHeight=640&odnWidth=640&odnBg=FFFFFF,In-stock,Lifestyle & dietary needs,Metro
65ct Rockets Bag,$6.97 ,No Description Available,https://i5.walmartimages.com/asr/a8316acd-a7c7-4a8d-a3a4-954004a466ba.2dd86998cc96dbe6d534efea7bbf669f.jpeg?odnHeight=640&odnWidth=640&odnBg=FFFFFF,In-stock,Lifestyle & dietary needs,Metro
Oats,$2.77 ,No Description Available,https://i5.walmartimages.com/asr/4f3f2485-0ba7-4c53-be1a-8ac991477979.fd78f119cb63a555400b2d0e1e02eceb.jpeg?odnHeight=640&odnWidth=640&odnBg=FFFFFF,In-stock,Lifestyle & dietary needs,Metro
Minute Maid Apple Juice Cartons,$4.24 ,No Description Available,https://i5.walmartimages.com/asr/ec8b376f-4a20-4902-ad2b-dedfe626831f.2ce38daeaf2e9dd3db767a465f5dffdb.jpeg?odnHeight=640&odnWidth=640&odnBg=FFFFFF,In-stock,Lifestyle & dietary needs,Metro
Simply Orange Pulp Free Bottle,$5.98 ,No Description Available,https://i5.walmartimages.com/asr/61a777fe-d195-4605-bacc-63bfc132e232.38274c8aec6b7cdf1463772b87a8c291.jpeg?odnHeight=640&odnWidth=640&odnBg=FFFFFF,In-stock,Lifestyle & dietary needs,Metro
Brar? Samosas,$9.98 ,No Description Available,https://i5.walmartimages.ca/images/Enlarge/516/816/6000204516816.jpg?odnHeight=640&odnWidth=640&odnBg=FFFFFF,In-stock,International food,Metro
Zabiha Halal Smoked Chicken Breast Roast,$4.47 ,No Description Available,https://i5.walmartimages.ca/images/Enlarge/327/454/6000203327454.jpg?odnHeight=640&odnWidth=640&odnBg=FFFFFF,In-stock,International food,Metro
Tea India Orange Pekoe Black 216 Tea Bags,$8.48 ,No Description Available,https://i5.walmartimages.com/asr/88a92bc7-efc9-4f03-a566-1ea3b4cc7bc2.e77e1957a0c0a46dff4b64fdc80b121c.png?odnHeight=640&odnWidth=640&odnBg=FFFFFF,In-stock,Drinks,Metro
Dabur Real Mango Nectar,$2.98 ,No Description Available,https://i5.walmartimages.com/asr/cd74f57d-6eef-4622-b4c8-448dc81c09bd.1fc223b490da53f4636a5701f04fa01d.jpeg?odnHeight=640&odnWidth=640&odnBg=FFFFFF,In-stock,Drinks,Metro
Wagh Bakri Tea,$7.47 ,No Description Available,https://i5.walmartimages.com/asr/9d081f12-3334-4f3e-ad9c-6dae04f85465_1.d5b0c0462e5a043fed0d1366622c5130.jpeg?odnHeight=640&odnWidth=640&odnBg=FFFFFF,In-stock,Drinks,Metro
McCain? Tasti Taters?,$2.77 ,No Description Available,https://i5.walmartimages.com/asr/a4d7c1ae-9592-407f-a4ee-3910026870c7.b257dea06ee028b1f070db73efe63c6a.jpeg?odnHeight=640&odnWidth=640&odnBg=FFFFFF,In-stock,Frozen Food,Metro
McCain? Superfries? Sweet Potato Plank Cut Fries,$2.77 ,No Description Available,https://i5.walmartimages.com/asr/624b4b52-f3ad-46f1-be79-8db1d78bd272.609eeaae3624e071677138c2d5760038.jpeg?odnHeight=640&odnWidth=640&odnBg=FFFFFF,In-stock,Frozen Food,Metro
Dr. Oetker Ristorante Spinach Pizza,$3.47 ,No Description Available,https://i5.walmartimages.com/asr/cd732424-9186-491a-a2c7-826ca5196bf8.9a6ab12273957af364401b8163158ea3.png?odnHeight=640&odnWidth=640&odnBg=FFFFFF,In-stock,Frozen Food,Metro
Dr. Oetker Casa di Mama Pepperoni Pizza,$3.47 ,No Description Available,https://i5.walmartimages.com/asr/5fae6466-1cdd-4fbe-9196-1f875df658d8.ff5a30acd2939ef4e4443bc96c37ba31.jpeg?odnHeight=640&odnWidth=640&odnBg=FFFFFF,In-stock,Frozen Food,Metro
Great Value Pork Breakfast Sausages,$9.98 ,No Description Available,https://i5.walmartimages.com/asr/d50b34b2-59c6-46ec-921f-090d3d72ce71.23fe7226edb83b6e1a281a862fac2fec.jpeg?odnHeight=640&odnWidth=640&odnBg=FFFFFF,In-stock,Frozen Food,Metro
"Great Value Beef Sirloin Strips, Oven roasted, seasoned",$7.96 ,No Description Available,https://i5.walmartimages.ca/images/Enlarge/514/729/6000202514729.jpg?odnHeight=640&odnWidth=640&odnBg=FFFFFF,In-stock,Deli & fresh meals,Metro
Old El Paso Burrito Dinner Kit,$4.47 ,No Description Available,https://i5.walmartimages.com/asr/d740f2a5-645a-4fff-b1fc-58e39973b887.b171504a5f3032ce244045551e5c24bd.jpeg?odnHeight=640&odnWidth=640&odnBg=FFFFFF,In-stock,Deli & fresh meals,Metro
Your Fresh Market Oven Roasted Turkey Breast,$3.77 ,No Description Available,https://i5.walmartimages.ca/images/Enlarge/892/516/6000203892516.jpg?odnHeight=640&odnWidth=640&odnBg=FFFFFF,In-stock,Deli & fresh meals,Metro
Great Value Greek Yogurt Dip Tzatziki,$3.27 ,No Description Available,https://i5.walmartimages.ca/images/Enlarge/171/927/6000200171927.jpg?odnHeight=640&odnWidth=640&odnBg=FFFFFF,In-stock,Deli & fresh meals,FreshCo
Violife Dairy Free Mozzarella Style Shreds,$6.28 ,No Description Available,https://i5.walmartimages.com/asr/1e26a961-5a10-497f-9c32-074727210572.c6a82a19be3f6793d1ff3b6868913fe9.png?odnHeight=640&odnWidth=640&odnBg=FFFFFF,In-stock,Deli & fresh meals,No Frills
Golden Pineapple ,$3.00,No Description Available,https://media.sobeys.com/original/5050372116002_VOILA_b864fb6f845b3f3714e75c864cb6e73abd47c38e.JPG,In-stock,Fruits & Vegetables,Metro
"McCafe Premium Medium Dark Roast K-Cup Coffee Pods, 48 Count, For Keurig Coffee Makers",$33.00,No Description Available,https://m.media-amazon.com/images/I/81rqC5ImDnL._AC_UL320_.jpg,In-stock,Dairy & Eggs,Walmart
